login,password
IdshXkseQUd,gOqGCyRrk
MvovRfvjULu,jfwkBIyeB
OiftNszyVVE,LiDi5CWTi
ZpefWnbcJnp,0IX7ZfBZU
SgwwKexlU3p,QAnL4rXAI
HanwTeopIQZ,12ZWCgYI3
VfidNmflMgP,KpL14ReZv
DzuaZfnnTqu,yhjabHXVk
OzzoAgwrPHu,nw0NMYw1G
FqggJqtaZA5,QhdYhWxlE
FwvoSghjB3d,yvOlFcuuF
IbynGawqMJn,ohhgYoDKa
AftgYzuwLL6,cBXe18lWd
VxinZbrnQ4f,m9U0ZoO91
ScnaOddrTl1,zo8DL7QUU
SclxHhdgAmu,WkrPE0j0v
BvvlRhxjGRn,DSgrzyoTk
HnfzJmulHDX,YuxxS1Fg8
SfciZrkeQ3A,qkp74XQ7c
FhiwGaxdVVf,j8rB3IpTn
PsdgCidiDYz,6DCTH14rN
MatmOgdrAYD,uolACnG7q
SfwwRhxbCzs,RWt9HKA1O
BfdgQntxK41,sFp5UPG7U
RmliAkffIR5,WuhHCbo0y
BynlWbhoFZb,Grx9RAvLY
BhoaSsuuZhV,zkG5hbEB9
WqlbZiwuT0y,OZV5VLDWE
PvkxJufoLfX,6c8pCKP90
CuibPhcyXRJ,Ah2w4CJC1
FkqbIvcbKXe,8gKXkxu5b
NnwdKdkgUBp,SvmlQHFtD
PxqmGpgoAJu,oFzczuF3O
SqfwUodbOEk,G3UMif0rV
IitxFiqhM9k,43JNdhDFm
WcfxLuvbKCN,MFSjOYDOR
NobnOgrvEUK,fxyg86JOw
FjctUpfqJrn,metQKxmbM
TujjSopvVDg,3LnOYNTLQ
YcksKstgY10,AEqc4fjyC
CnerWiriCtT,1X1AvlsSv
YdawIvwlG7j,mqM0LVUsI
DtezQzkqPQq,8NZPCA99C
FrjjYdwjSAt,iSiPTH1TD
OnysMnpbOQa,1QB6QXphk
QyypJjrjK3f,FEauTL26t
VgmqQbxoSOy,bcaoR0zC5
DjobQszeGQW,9ovwZXkPu
RozgHrnwY19,ZosIDnprP
SzapNzbmS1i,72mu6DOlW
YzwdIufgIkp,fBo2jDpog
IkaaPtuuVGj,uEhzmQfr5
NsekXlbgJf2,p6SsE8Gj1
HaevGnfxEhw,CHNws3JTG
GuogEkyhT0H,tceHOdDux
BrzkGufyIOg,YrVf1SYFr
YjpjIumwCaK,A6KsH9rqz
QvwiJgtvSTz,DaUmCp6un
NefkZfbvLeL,OLwH8qFcd
EugtAfhwUlk,gQ7jNFWEG
MngqVghcSfh,1HE4tJiy3
ArngYklhHCJ,h1Oys4mv1
OieiRynjLvh,ztfhVOwgy
SspaAgcqXTi,lPkpaMZRW
LjshCbbpH6Z,FsCsyPPs6
BsugDvbcLcv,Eu9rmkuLY
AunkKbiaCyR,ASURYo6Ga
ZiywKzhjAnc,MAcaCZ3JY
ZahbHrhuE5N,COqYvCYWw
HdytXzusVdi,qBvW13DnB
BlpmIccrLuN,E8MR5i2lz
YoowHsmsIwb,jOb8BUNtr
KreeUoygCD2,WhlstClWx
DsodVpjoLXT,UjPlGXK7G
MmajCgenDhg,s30VMhxr4
HglsSspzMZd,eELUqjfB7
DgxzQvehYPq,Cwng9Wh2b
BolsTogbQs2,b3oLW3pzk
VzgwWbwdJCp,XaFhTGzkW
OgvmMluxNJU,MnBxlTGzc
KlghVlwfGwK,raByJGlU6
AqsmQapqHhP,vmFCTkgXD
UjupWzmrRzO,T6d8c0cSb
SzzvNkenCb0,e2as0Xx2D
GwleDdnxQkI,pQymEHEAD
WkksIxylA6z,7CAhwAqLj
KuxrTrbpKqA,c3JFH39Os
QnygSyxgHZK,1vhB4Nvvh
TiloYexwDoy,PhuPR1dbO
ZjoqJbpcO0h,veymrrFbs
DhtbCoqqEUv,uVfUzIvTK
CtasMrkkK3y,qdhKknJ9X
WsulIgalAes,OcVORdkW5
SgfwGtqgF1m,Id9yvWelg
HiexOvwaMMQ,IgldykNk9
AnbxYtnkQG7,E5sqU7VCh
HusaRmljIwg,tWc4NUhw8
MnadQpraBof,AT5Uu1w6q
AuqlDxzfOqs,wXHU6xr5T
FottZuxiM9E,mhmJR6hfU
ApveDyxhZLc,obIVdQQFj
GmcsUctjBlI,kIZudwEFQ
MmrzQvjoSr2,bz5sAeWAl
TzokCfbgVsd,GfMnwcVtd
RkcwKimqHqI,bNjXJGq1h
DjbvAkmcFFu,hcnsYvKMp
IbkbRmioX9A,ENg3AmC0C
NbgrPsnaXgt,gPPAAGVcW
KcivWevcXYR,3TrCOaGSq
HzzmStbaZkv,7u9R5ebvY
AadqRzseTSu,U2k1SBFYD
HfqkQnglKU2,LtKr5UDru
NfisQzfqMT9,gL4fXngpJ
ThkyOqxbMaJ,hnizC6dw8
ImkhSyjuFbJ,MvPIPTo3y
OzjlVbsdC4f,szGY0gbt2
WwvmKyhjCTj,dv1X3Vtxe
MjibIfnbWxs,cTR3YaIlG
KeoaTsorUIb,Ktrm58LiE
NwauUlwjUxa,Z3v6y2kW5
XkcvMewtFkP,3nmVpjehB
MfthGrdcNmZ,yqJO7Ms51
YhtoLtfqKme,3M3QlqEbY
KncnDfgoR26,uhwq0mYxG
SqqvMsfaVYW,Yx6UyDZBZ
ZceqOycoS1Z,T8L0z3Xat
FxdhGtqvEh3,Dq4aUKD2U
JewxGuxwCjU,OdGHWgSAZ
HjlqLzyuYXM,WmGRQh32C
RslwNjlqXOK,QjPtkSyAU
WlasPfgkTzo,2D5nPUF0G
ExfrRsedBhI,HKosxKruF
TzawWqtyGL7,FtUfuG6Ck
JdbmOkmiJ6t,LisvjAFnu
OdlcCevhB4U,e6bgkd8XM
ApabUrdrKwu,OiQemMYn1
YcrdDchfFyb,RDnM39DW8
IptvJhfvQdj,vFtglemq3
DfryDocnQJN,gBd6bjWnl
PchiJocnR8f,ssQkxf1Lq
ZoicJywgEic,L1CNBp9xG
NmwvSneqI2b,uwUp6Lt6f
MaljDqtyM72,dRExmgG1L
AxkrLazeOjM,cFyhd8GSO
VxyrVkfbCRF,qzOFZWvEo
JcuwBrkdHt5,TcS69HFKk
VmvoCfaeM6p,h0UNZz0ic
NuheDkpnXXv,cLHeDxupd
NsxjAqdfRNx,CXsczvJy9
YtxxGygpDBE,3FZejUbCC
HeihTkigZR2,q8yYCaIA8
AhryQzhvEgq,7cnw83t9X
WajuEtobGqR,shQTAAw85
MwtjMumeMuU,EnV80K9Pt
UdifBrrgMy8,ybNKNPWtO
RbrmZsdpUNR,t3kUx1dqK
TypnErpoKGs,alll0tDQx
ZohyFkcoARw,JztTSEjyH
MpnkMimrDcl,W4EvHkBRA
SuswGzryPqU,Tun24rMW2
SsqqKnwhQ7g,JfOcYUcF1
MwnjLxwpVYZ,aVXcnZDGM
EjkzDxipZ4Q,54v0lfC0m
KpsdJvhuLCE,6w1PlzMFI
GqeyYtjuYuZ,kXXjJFOzz
EiiiIuchFuz,FrR9ZJNjp
MqxhQqhvY8R,EjfsAQ7uM
GfwnQktuExN,R7d25RBHL
AtrbHsbfFuc,NQtUaycEg
RwbnErorYEL,jyJGbT3Jc
DivvZhbnG4F,hGeyODI45
FuqxImccMw2,FCWyegb05
LpagLbleM9A,gnNBKsQ3Y
HwdxAefbAcR,3m5LGzGSR
OqtgPdggGH7,9Ygr11aKC
ZdhdHprmE0m,JbbqrSirD
ZetaCkbrA2H,xpkUflElC
EozjNzuxBUL,3FA2fi8UJ
XwmvIwulAyV,K4bpkD7Ov
OkciJieiRLa,ld7nGRa99
UcliSsasIg4,okboaFXnJ
IbvyWzehCfC,sPG7f1mBQ
HkhpEeijGwQ,WQ04ow1lf
BpxmCnjcIQM,i0mt93VEN
RhofGgswTWE,c6B2ZrW5T
YmvhBealUkD,zasSfEhRs
YekxMvvjO3H,MC39RvDfP
YumiHzsiWtL,9KVR1Is1R
YqpgYuxeJNZ,VxDU7j0l0
GhdoEohbONh,gUCLPEGXe
UxfwDdrnSWs,d5BJ5mnTS
RjtxWpjmKxx,MA9Xk1wnP
WgfhSaasQNR,1TSt8QiYR
ZhpnXwmeYcU,YGN656H8O
SkvmJjqwJFm,FKXy8WJAt
QizwUuqpBgJ,9m6BKSkot
WygxGdooFeO,mYzfe2zzb
TgwbCjtrVdk,PRJXux3pZ
ZfamDcspDc0,vLMWJoIIL
KygaAafkWl3,1vhvg5QiS
VdaeKrivWim,cIJcW2f4u
WdhpAjleRHD,zMuoJ1yQH
EimfTbegWIA,bm2Du5Cgw
RicoGwynIhA,t2YL6FQuX
DsgtEukjFBn,iDLsKkThv
QnjvCklpL61,NOgEWoluJ
PpbmUhygWsq,ZWfNPU3Lf
EmobNzucL4r,qQXvaW04z
EpzxEftrQsX,uDJHjCqG5
RodaOpxyS2p,yft07jqBJ
CwhbBjezIJ5,ye0okn4BF
PlmzPoaiYjg,QAGfP2pDF
ItrsRuobRnI,9apQeCnMv
UbelNooqUT4,cGJ4lNJk9
ZjcfTidlWtp,P7s0awwDt
XcbbWyktQSB,UKUiBYcFZ
JlnwKfciOG3,oUqepl7Yh
GcsjIfwdBi5,w9ozuD7Tj
FivqQagyByW,AxUWfKe24
TzioChhhJ8o,wXO5UqOkM
LszgNdqwUcL,czqoUr8AL
EianMbkwJZi,3c8lTvmN5
UgueYqvxO4E,UNMCynHNP
JrfuApjjPXr,jJqWFd6Mw
YnuvUvtvWBw,xPSdiNfIm
KjaeZdadU4G,gOGQfvmrB
DhjiXfuyNoC,xjezp3pAa
LbhqJrfgYd0,xoY0PRxA3
KduuDumxCAz,6IJXnI15T
HbmgAqivTJZ,WcOaHllB2
HvxaXtenWjU,3oQUaflRi
FoydFcfpQ8z,KUa0RdLWe
WqubVcgaENv,64lyKoYzX
BztaJrxgQpx,gRTzrgonV
HcjtBoxlIgP,qv5CX97Q7
LdlsBmxlVbj,l5tLlrxP2
StklClntTzg,BnQ8cHVnj
NhirMkhvORI,wRELwGgc0
JbnsFaqkIg2,TP27JYJJJ
OoobMlzxPBT,EkhoyfuCJ
BbmqNqotC8v,ls3FfLMMs
KpfoIeclFSz,yHXYYPiuN
EaczUdvfJ0S,VLA7RFxm7
WnifVybuJq0,Jwtc4mixj
TvpxBlubBU1,DvmX8WXpt
PoewFdleFX2,yMOaYVnG2
JbssVvydOZH,vZXaOpHBl
SvpwUswkI3G,TPZxbi44D
OzdoNsxgQvq,8IwJ3hIr3
JmrfWsspAGC,EUM94ms2Q
SbslKuwbPxr,Qu6VSzUhY
YvvqLvjhZZC,O9yoMHfac
KezsOxkpOk9,AP9DryCvq
UmidLdstWzO,KX8bShk0c
DcqvIbkdHZm,VDs6KkCU1
AegsQbprYxV,ks3CzE6rC
YjucDpgjFiR,ULTOQqjx9
RntvKcokNZC,0MIX1q3Ev
EsizLlfrAaw,RB1vhp7ok
NbffAwrsBWC,sk4aNMfGX
DbnyWzsxCft,TNZY9zvAP
VgemUkxiCDp,x6QKTWDoS
JzyfOckkUhR,KEW3TEpMN
DhwrUhltGZL,TBfmd33kv
FsprTlufJzS,NSjcAaRiy
RvboLrvlLEd,c87UktWkh
EancTlwpT6P,r8G7jpfYU
LajdGwmaQhO,D3dWnqcAI
TjkdSpsxXk5,T7fJxrSI5
NouxNxgdBtx,UPUsZLkob
BojqNotxKzL,1VJPpByMW
HkieLhvaXSe,OBH57hwG5
KasoHregYot,bWJq2l4YS
DzbbLhuyX2S,1z2VJU8UT
ShumTvrvJcw,jjnkPH7Bl
VueeIxavTKH,ORtCjmMgm
MorfVlwcKtH,Xev4kX9rM
OajvUryeM3J,lx6Fu0BAf
BxudFgjwKdd,xlFAcFzma
JwfhXveqDqm,Rydzr4UAY
RyprJtzdODZ,MPAr65kj9
JsqxMqqsULA,fnkw4g6zd
YbybNuidBD0,PfGz7PhmU
WivaCqjsHU4,PABBxpNmG
SoreCyltQs1,O5fmG0CHy
HeeeBzloPtN,SDd1gteqI
MxxcFjwcDyw,CkgHIV3sZ
QqcvYvvcDUL,BYygf37Qt
MidsJmwbWFq,zI4nuJrdX
GfhhXwvoLv5,ARwsYFgn2
RrgnRyxmG34,mY43Y0JzI
WhmrVkiqNBB,2XndFn60D
AjaiXyydFCe,MihTV2LMn
RwywExeoKDr,nHJgGGPM3
FckjNxsyDez,0MLo2N6XS
TmknIvrlSsh,D1oqPX3jn
XcqxAlzaDfj,0OyvHM8HX
IscxDfqgOzN,4e8mMXGlM
MldmTyhcZii,eRoCpEiUM
OdtmFpsxHwp,IZPGOBS0J
TovqPpieVlc,oeJG1cZx4
MerpPbqzB1b,i9i71Mk9C
NvecAafgHAS,TI9W4Uc5G
MvmgAaxaZpZ,G9VT6u9V1
SuueSkcbUMG,mwIDgGEJS
NmnmLcpaPei,wP55qLSdf
SokuIbveZpu,tfWOj8AFW
IfyfGadgSWy,Xk4BrvlcN
QnauBrshMCS,xcFQxhJsy
XizwDqquKc1,aieOXUMSV
KovcFaeoFcQ,AzYRIBGCx
CgixYiayD2e,g2zsfKMvR
UnswTdgqSwO,h5hRPIoz4
YvqlLxhaL5h,9ZVpShbFF
SjwbReulZXR,do0CzAcGR
ChvzVyqfRKk,MPDB4scKK
SgriIkfdNxj,v9RYftTaJ
MutpPujaDBl,amwOcKjdx
GyegIeouEx5,V7rl2KkcF
XntbWcqdZmP,oXrxqysMO
OuggBycjQUW,AuUvjyPST
YnkuUjvuKqa,I89MDTpvL
PdtsDewbFoh,DSE4xYXUA
AfkmCjtwNl6,ZlCQ49nVF
CtscKnaaWQB,NwmMLV9NF
GpmzLtiyRq8,aedcL57ov
FqksUwipUTJ,m63OOYS0Q
MlccClmzOqM,BRgjpTJWf
QyyxSclsWSe,uwnCZTeWv
DdhqJxsnLaj,K8dkgJ4kG
CefpTrlcCp2,4DfNB51R0
IdlmZjugUA3,fUBKYlwEV
RvkjIfwzG2J,tVrJJvgxF
LbesCeytQnA,15SWsNZ1W
QukkCombSFv,8Tq6p8Jrx
VswnQtgsJWf,BbwehWhDo
XiutJvvxY1b,MDHM0d6TR
MsmvGjzeCrF,FklsjTBtc
IowtUhmvYXu,KNeRJAEsl
GmwrYrcmUZi,Hg74IOT9N
BgecFgjtGNt,pt67YGLRe
FsauXfioCoI,645xW3IOB
FuozZtnxJcW,YLcpT9gk7
DvsaVrlwFSp,btWniG1a1
WcvyIqgyCm6,7s9oiKrvG
OfhlVgtiIEp,PBTXt5Z1X
EswqBlisI1v,vikyKDXVi
ZulmVghkR9U,nsYLNHGf5
ZoblGamhCYI,HDFyMsEXn
ZsluZgpaKLZ,Y4yXNMkJq
ZkmoAiapYUs,7pnHKnblk
BkqnGaouWSz,Rd0QHGRF1
XhkhYoytYlA,YzNLskGGJ
PznlHnjcQUH,pFT9mUs4v
TpnnVrkmHal,bL4xcR3RT
BnddKvuqIuQ,Sb12I9nSk
XemgTbmdSAh,BFQrbEWig
LxnaOjhkMv7,jXRYPhGTF
CgeuKvykTYe,1QrHLlPs2
QjirNopiWUh,Mks6fZ84x
RkvyOuecWR5,v1zOhf3az
RipvImtgQHp,3RClEyHRX
OqvuQzroGaG,AvawrHX42
RuegUxkxXfh,wwRUhlLS7
MsayWzxwGud,OhPEoTbOj
TmeoRuhcC99,no8y3ekGT
VzykOkaqKZT,vgdE9fyXf
BwxwXuotBuQ,njbwIjbOD
RpugJyixY4k,3gQiAynls
VhbfJpveDrV,CMxhlBwNr
UfdrEoywUdZ,tSMmgEOht
HrikApkeWHN,3SELRYQbd
TbjjSrckTqU,StYzXvC0t
TzqbEguzH9z,aKX5JcPKM
BpinBzqcZWH,TqqPRqhwb
ZetuZrwlZbe,s7VJlRcNz
MnheHvikCpb,0nhcCxyXT
WxizIekkU46,0JvBcP78v
YimjLmfaSyf,0aVWN7FzC
BvytHqzaW8D,EHSiPrEqO
RgysGxpgL5P,yFfJXsTw7
DqnbFgwmWDI,Ob10qnmfh
IqmpKywpDCr,UKPZzmFzO
NtwsBsxmCRk,vUL1rK933
VqwqEvpeEGF,RBumvVWem
SoccUglpLRZ,HYP2jBRwy
MdmnOmmjRbI,cLkeHIlyn
IyfrBttzFgM,vIXlzofgA
CjbfYnlvHmp,pQrgLosyF
NrunEikuSh8,29DxoSjyc
XkgsDbbgEHX,2A9BeqUmu
BsmwMymwHxn,YIbBhJZuD
GnrkWvaoTkv,U229k8wI2
WiquKtguVsF,qkqaKZyre
RvyeVuvfBLx,NnuLmLp1z
AfltLtevQ78,sAIUQQJXF
MnqaPduiFml,5z02PH5tL
UotlCrfxOrB,yYlNzsHOg
MofcNlueIil,p3KTuZLFF
AlsdSpvsByF,zjCQovX03
XrjeHpzqOGQ,okFb4Tehv
WncmOhnhLN5,f3OwcIYKl
YleoCwlqMRt,ua4L6I0Kn
EzphVupgWyc,wsaVBwKI7
TgseBxfxDDY,R9ERW1GYT
IsgmIjjbFtA,pZmVHPg0H
LeipHpyzDIQ,SuF3epsrJ
GwlvXxqbRai,AWU95hW4c
PvjxMmwgZDQ,bTsC6NbnG
MkhxZzvsRpT,6C9LWgnUQ
KwylLhhbFEQ,I81VpiJp5
UetmZzfoBOC,C749XqJf2
WupkTaafXKD,Q3UDY8fLo
AsegGoypHpp,eXOpXAVxO
JdafLcuzBKM,FjPnKwbF7
OdejSzzmJhi,zpkexPIFa
OarbObmxA4G,arJskQgIS
VibgAeywSUi,GPmKyuXSX
BjdzBqqdIR0,h32BsGopm
FzcjGhncDGX,sF1jUV4rS
UcrqSlsjUEl,iGhTbdaca
OlktPgpnYZe,PkMw4mQ7Z
UprcMbioWMh,sn4qPElIr
PxbpZpbwEGt,SlPsV9J8s
PevhSzjtBfy,5mcOgmDZg
GznkFnrcRVR,WSAKUdG04
FjhlEsifME0,nTxOxyUqL
ZumwKtnvUkm,AFSGiEUFU
JwqnGzdeDic,wxD2qj9nJ
KqyfChktITn,MHLTCoM59
BidrWwpdFw3,COYx4ybSR
MfnsCbaoD6D,nSEBb6DPo
QytxWqprOMn,zTOu8r45T
MzgkXdrpCBU,ugxmD2jkb
NrtjYejgMXx,LKS5DcCzR
EgvrEibmJWA,jYosoxQQv
KhjgVjgwJoi,4LE8suzGN
EmafTyscWcK,FG7ICX1dv
AnwuHdegJI0,USXfXPULx
WjtnQpupLIO,ANB4nGgrC
CxsmYjyyEmc,KmMQpSr3z
RyqsGpntRJ9,N7wfhSLCw
FbulUkjbDei,rlI1FHsP8
YzgrPdxnR4A,VGWUDGB2e
SpzoPrgzB7o,VT6pGn9mi
QefzDyqeV2Q,znhqvGi98
EiojLrisBYw,yVaWaMW6S
ZvnjLuipEuS,mvEM3OY4C
GysoKmtdQIt,uZ8TkrnDF
IiztTxumEax,NJoBOeeJV
NywjDjlqLRz,RPpPGeoXb
AkepUqxnFlI,qu1BELJp4
YoayPjugQqf,PEFHGnF4r
WkpkKfvvW2Y,L66EEko3L
MjdcIxeqJv9,r6s1vBLAs
IliiWmgvXNx,PEpzrkPxf
PfjyCnxkFpl,ki1f3pTS1
GjibXytnPSZ,CM9bEi2RU
MppjQfznHkQ,LAUVl5YfO
XaijWeahBUR,i5XfB7VmL
OtrpGvymAN3,38vRlMYnJ
GpljIpfvIuA,8X63VRwDB
QpjrBiblKwg,dgrmJSvth
AlxtFwgqMJj,giLctr4PO
IrlaPfobANC,OGyX4U3vf
YcltJcimFYz,fI98CCjdu
AejhAasqQXg,vC4PrYQoY
PnoqLzzzWmB,CE45ER0FE
ToxlYyycMfr,uCvQHpfaO
JuheTemjBvy,6dAYLctRd
UvszFlxwYQI,TG05729yL
WytiGlydRnZ,m5ZitqlbE
PogwNjhuSmG,SPD93fNwA
FrfsWluoKqu,ArSL4d8YC
OptuRhbeBGw,KulVPOafK
VohiEyvaUgW,GLOakxghq
OjrpYrfcYzZ,EBwNY5t99
EyypGuklMl2,2iKKIGBzf
TifoDqdhU9u,g12vyJtoe
PcbiYkppTQJ,z7lZml565
IhniIccaGb1,KQqx7xCgX
ZmdjYrkvH9W,uCGyinl2s
QezrXbsnCK4,nbKvSSiYo
AnwaIbssVWU,1iM3km0B9
NrkwMtkhJ5B,h3CyHazzq
WlqjFlrrFvG,iWIihlwqG
TtbuYebdMgH,fqgAGlp5u
JncyInvdEHC,lrQwPugap
DyuiLsuyPnq,tFs8OKXyG
PowgZutqYPg,XUFrCzEIu
JsouPwitFcA,bpxdSU84K
MxiqKnwsQr5,xTMqK0U26
VeemMvwqHoI,6jQd0XvBu
QvyoQfibHYb,27b5oSGQn
YsygJichKWh,dhilHxGOO
QjjzVwjeQfv,IZypeLpj6
NvjuOxrpV0n,kCCcmWiwK
MhzaYfbsBCW,FN39OodXp
MvpqUadcQWt,cleWyrkaz
KzxiFaayA2k,1WX0qSyXE
ErjtCpfmRoD,MR6VKKZFp
EypfOxjiXiH,8MqYgLXoa
BwexMriuPqF,r1clkAvs7
FehiJwhbDup,9YoIjCoKg
LlzaHbpgLIa,3bhZRq3I8
MpztOwucYid,FTcPLgfrQ
GihiMzigCC9,2erh2GOel
EgsxKikgFvY,z8SpSsBsS
RyncYqfyTBT,wfLuTRp53
KymwIswuTze,DMzJHUz0B
JekyJkmdJ3Q,EUBV495xB
NpmjDfwoYEI,fAtZXTXf9
ImfnDequRW1,oH4Ike5Dq
NlejJdvxDrT,wI5e0HVwd
KnjoHezlS8a,O8CR6MYbG
AbeaScqeC8l,L7f8WL77J
QcqsBqakUYz,ebQZsAn7l
HdylIakaTTM,FkbaygL3c
BjjsJvjoCSP,1UicxQnDz
VsneTaonS81,Zk4FgWaA2
JcukNqteB7S,pJTck4Ea0
XfoaTxanDFI,mZqNBQDIy
NkzxRaylBsW,vuxirklax
OsjfSzzbRZP,8YPhXhwRi
VutrCddtV7M,t6Ryk09iM
OyawVuvfGTS,tUIkQ0OoM
ChnpZtxcKEB,KM9zFiGgY
DqpjZnuyC02,jxoV9d3r6
QbmqXxcoA6Q,XSylp7FOQ
VkymYvapKCB,ZywhByGHh
GlmgQstnELX,jaQ7exHWh
TnscKkzyY36,BD77feEaP
UruhRsmrCbz,e7lIWe50x
KyxpBnplQM1,AFnurKJGB
OdubHewjP41,cirIkUVl6
DzueFoqvZ2P,geiSDi4pt
SbmrIejwGpN,n9Uj9Gj5V
WqjlJzjcAY3,tvah7nZbk
QpypZeeeP8C,uRbHXlJYb
CxcnSuydZDA,Nu8Cy1EK9
NnldJpcjOtC,NJ5X4O0X9
WhjmHwbsS7N,VWhcKmP9Z
XxjnPsnwKuf,XrB3EmHeo
JaouZqkaDLJ,b3OfZthLB
VyxdHnmbAPE,BYAu1Ql0b
YfhnAkcbVkk,VPP8clv6D
WfctPynfBHb,RDRHoSSvr
LavoZjmhQ5u,0YHHnWyyG
VbbeSuilP28,zTC4kdxfW
DjcwAniuOCh,ceRyBfP81
CwcxXzgpY1p,qj4iEBlri
JkanYqkgQrf,zobCpOnSR
HntqJqhlEzy,HYyktNm25
LttwJczkDZ9,ckMdQ3gFt
YlpyYhfpUSE,l5Q1VL2tB
JzhdRxcvUna,rhpvuYDZz
XeooBbpuFM8,mEXJlGOaH
NkfjGntpHyL,kYGVodtuA
GarlEsmtLGo,SAgfAYelj
GauiCghaBzV,1QpTiV5v1
QzdqVwamYCR,aCGgKD8Ti
SigjSbxcROP,qoTrenYve
IxowXeyrDYL,myZWQwNvT
DdfoMptnSDH,Hhdha5oh4
QrixKatcU05,oh18qcFnP
LcngWcrkZ6L,57L2AnVvD
DemdYokyJXG,7vo71KEwJ
TbplPzkeTXN,RAqLG3nTI
ImspKgviMow,XORUkyoXa
GugoJtvrIHx,r3ji6f0Mn
AjcwQqcmX8Y,sJ7nMFCBr
GrhzIigeK6m,SXST8SBl3
FclaHsezArO,aCgKKFj7V
ZlykQnypIxE,EXxaYQzNj
BbgfKjlsSTm,TPCx2xN7p
HmrdJpabXVg,USHPjSs17
QelqBmxlIDp,lRsQZw9pE
VifnIfvoCYS,pKSgwlSZX
HygaBmnbMFC,rarPhDLOq
SbziJavvMGr,dniZ0yfHi
ZaizAqepWl8,oqQ63WTX3
ErmlHowmDFc,qPIVXiaru
ZzneTpjgIK9,aP8mHJzgI
VsgcEuxgX4I,4UUH85UyZ
GixzGojdP1t,gPtfAUfqT
RhbbSumkN1t,m7njTJWSo
NruyBysnPka,jn8dA89WZ
FixrAkalUvc,2mWR06v9s
DsniEiruX50,7bCk65nAb
GqqeRmsuHi7,4HSYnwxvQ
LppuPbgnHQM,uGP8zPo90
YpeuTqclV9L,QGoksYguV
CxlmVrcrUu2,KW3sMrFjQ
XlzrKzqyQXj,l4xMzG7rt
YytgPnmkXVY,rMONxrZUN
KhvsOzszEwu,Pw0B3zAHX
KwjeXlfjErP,vE9c9VPVZ
TwpnCkicLoH,UBBGvpbuT
DnujFpyiXI6,0jLd7OjWX
MvjiXmtxVpI,GP1n0AN3J
ZffhMcmbWXN,VZOKCxSY1
FerbZeuqBea,85z9ihTHj
JayjYmleFbD,Y1GX4A262
SfhtIbcsIWr,CwX5TNwOE
EjvfKmofGCb,nB0M65yTd
QwdtKlepPpH,fIQcqVFRN
FymuSjyuFgx,60Ein152t
NtdwDpvyMjG,HVfj6k5b5
RhlpGjeiKBv,NaAdI4xra
TxvmMmjuLGr,DwHYjTwfS
RlqbGuykQ2d,WYd8asmf4
NthqCykwFB7,GPCEY0GpE
CigwQislOAh,iYyyS8B9s
SefiVgehY9L,wkPT4wS48
HcvvFxmsXXp,a5c9xGJgk
LmkyGgheQ7g,U7KJKNCSQ
IaciDspvBwR,YquSPUEtC
DwpbCjddFdG,kHSkpEYjM
WygzVpjrIfP,ARzmDtLXA
UccrApnwD4v,0jeCh2BHE
DiwhFbfkOwo,MhEr2kPB1
OxalBsfeDZF,izP52cu03
LipeVmoxGW2,UHt7hceSN
HpgcQpzhUh8,GjKSETPZ6
NoowDzqtP0a,2lMpZcYhB
TexqGaguVra,zzmBvRmqA
CwzrBcfmQ0c,T8mN4vbnc
UeexKaxrCaK,AS9TR7R9B
JjygBuauMYR,irZQzyKDS
JxtkFiixEZR,l8J3LjGzx
RqguJwuvKpX,SrDbxdYZS
KjouQxwfBMy,YNTNNhFBf
VrhzKpjxCPg,ogjllidHv
BbutJjgjKDn,fnBKred6U
QzctIatuG2a,l9WR6uyfy
ScwoSzwcBKG,4zdVqNk37
UpowUmkzHBV,5BOAHZbfp
FdoaXjyvHcQ,QJdDyKcux
JocgDmbfT3G,gVEJA5kGb
ChzgWfatIpH,kKvoeOUIR
JmxjJlaiRix,MNe4GvYeS
QkghEbazKdd,kvAIRzatY
YcjxWmmkMZe,sBHAnc8fC
VkulKsmrUwh,IkxEqAy0D
GitfEtucIxr,TLFKSq7eD
WycfPaijYjp,2V9Yvupwv
CfslQavtDxl,NDHVnKMDk
OqacAxlkZ7Q,MoXGCD1RV
MlnkZfnvOry,gFvwoTbFI
QvkvUfopJAT,eAWpefEaV
MdbeEvclR24,UNvb1mpar
JqdjRjguGL2,kc3HsccEk
DvpzOruyFEg,25BTDnggw
NqupKcodS44,WEGo6k23k
GhnaZgcfS8E,tNqYdQSX6
EwmoOikvWzj,ZzHALmuaS
BtwqGjbbU8T,lF4Fz27tp
CygjOighBJ4,h1aPbv1Kn
LcnzGcixWOl,3wkkyah0c
QydoYdocGnq,YT1OHsMwM
AmplSjtlHtu,0Fyo1eTuP
WiwyTdkbX2e,WHKVMLUH0
OxscPwjjY1p,EfXMxH4i3
OlelKuwlSc9,3oxyEcUtK
IjdrGgqwSYo,qvjovJEdI
RtknPxvqYtt,BFvQsq035
CvouDgtiW8W,7safhPOg9
OeadCvpgHCY,vxh0svzk2
HchnEpovXs6,F7cB2Z8Dt
LehtCeciWDK,Uun8kz8LB
WevsXnzhMIC,oBLQzVtbD
UkacBlogIeJ,igfvdt5wx
WwfxNaqnO1W,t9yYpRWxq
MccwHhvzVqk,izAYqqPPA
QtvrJjktW2V,HWGdSuKP3
BqluIrwrQMO,1c0I4rPBo
IuhqQybuJsz,ogMVY8Onk
IgweSvzwGTk,Wa3Aq5jRA
QwwxNlsdQ9T,EtCQcgTpl
RnfyHtlnQbO,6oBadRfO2
QprbImnvH1x,dIZQk5jHf
IqaxDeekBjZ,VmdvxjN1A
HvrcVndgFsT,xDtycHBM4
VhqlYfwyGIv,MPRIH8JpS
WadeHnaaX5n,rTWIKtNqN
DovoVggtY5i,rGosNhJvU
UxfpTyukMZa,iW2xu2Mwg
QpuaRsgeSwf,wPM6ukqJQ
GvznWpjjQbg,R1SiJv5mj
AetfYiqsUta,K0zHxfgXE
CvkoBncgQr8,UifnKIyxw
RuasAivhLYQ,cvWbepe4W
WawkJghcGvq,v16I3X9zk
LemzZfvjIDd,26WDydLz2
XpyzHoxnVYA,OF0Zhfl7P
DfhqNfzhZ6F,Xd1QbBeyR
QhigLnxcIhh,nujqzoxVV
IgybVuquNan,G0EfMyL4f
WkcqXmvuY6J,4kRcwNsEE
XvouLkrnHNO,Ey0Yt6PqX
DdqwUzcbOkV,DdMYhcX7z
QyjcEdfhMr6,eeXV09VTA
SgwfEtvwBeQ,uANNWBVOn
RhqqTfhdGHc,mNuo9BnpD
YzbdIsrtTlC,iQTgvQKxt
AozuQhnlXig,7esdl1WXF
PgqnIdtkCOP,HdSVyyzmo
NxdtYvopB0J,aSDhj1ZRh
IxktJbvaWwy,JABIHDPlA
GwkqIowlJFm,6gpfLHELD
QnbyGjelAVh,MeuewgJmG
NxeuJlwiI27,nTJyUR82y
XqshMxxxPTf,dEINY57p4
OmjoJqclWxt,jZO6afiUb
LbsbBhipPAY,HfzXpBUae
DqhvVzgiQzj,D2Vw9VBIA
XfkpKvmjUmk,Ixfngt8IO
NzpiPpskJkJ,Tg4rUK4HU
OmjmXnyoU8n,NDH8qKFlN
PipsZjcwNWg,Axuf6IQaj
IpsgZocmZTB,0K8ggKgQt
BumlIusuLHG,inA9mkIOp
ZuprYwopBzh,tLOLEFY52
HqpiLrktAYu,x9IVFaku0
SyjbKqabZot,QUzXIqeja
IrxpAuphXFr,PSF708K9e
PosiZirxNE6,cczC9XEwj
WbnpHoftMb5,EjSNSUUo8
KsabZnlbBhQ,Y2psZqQ8g
NthpHdaqDka,YcNRzXHTA
BmocPwcsYOE,LIwZA5yBc
AxhrSezxOKK,nuGrazTeA
NkpaSmsjH0U,ctS6E8mDy
CxsxAofnUzN,IyXgTdnrZ
IipqQemrWiZ,aNqZqcVag
GvbfXnjhCFR,aP0hKdKTo
PtmjFsrhIRh,sjfCY2Aji
QohlCtwlVfS,gaTrr7w63
DcjaZhjsYKF,Dh0Ul9BWa
NzhgUbkaDtJ,mSgVqiia3
GrzsHwhuFDw,VCIIL81Uc
LtmiYrdsTZs,DOd4q9cx3
GiyuBrwzNmK,deFZBafFz
BlrzJiuiGAG,z0Gk9c67B
WyrhWfcuT5k,Au9Ah141l
YciyEcfrR2T,qcFJ1oUzI
ItqpLgroC8L,69WplRJek
PjoeKpkaQRC,AqIsdEyhL
IrfmSopqBvw,vFoH7n6cE
JnlgVvorJpp,Iyh3Rmlqf
XbidAoaxW2S,lXI9dLb59
JmmjDijnLmk,pwWPWVxaD
IthmQoxmHMQ,3Zj8KkpIG
ZlacDbwzEpT,H6W8Qhogo
SjmoImkmHAf,GHBmX5ieQ
CkgrTczbHLc,aAForPnjW
LrxuMiapV74,Kr4BtjkEX
QsgkUrwvKJG,FkQA1czuk
ZuriQekqYCy,ljMtUytYM
AataRkwqRQF,yG8XoCgp6
XmvdNexhLZz,C0vzkbJX0
YobpSpdsF62,dFMIPDWnP
QqxiWomvFNb,0OinH66BM
YtzxTbzaE0P,SvTXCUII2
JtsdPjayG3N,nTx1tVFn0
UlddCmyzRvi,T36cgEpNv
RpnxEjqaRo8,jI1TKAKAx
PyzmSussNSW,O7jaehq3q
ByqeNsxsBxA,QgElFNCpy
XphiBfnzIxs,TyQzSgKxV
AjthMjxmISi,KJPOjqOZs
IbwcTpdeXKe,YLrwu138j
RoqjMlrmHJc,6t7Xj7lB7
QazxUulwJB4,N3CXDZmp5
UwbxXrgfGwc,ISQ0ilZ0f
QsmuExwxHAo,H5xqIxAz5
BvdiUwrnIWU,lRk0iW25d
LtjmUcvqTVH,8hWf4C5BA
AxplXstuO0a,QHGjRccDh
CmmjTtzdJRN,lHF6ropRJ
CgykSnirYZK,keipWj4XS
UqdaNxivVwb,Hq8qRjXrk
RetzOkvsQtk,B7sGKUSv0
HcdpOigoV2b,ukU3w7hWK
RgxfExsiTiE,u6XzwgJXf
AxhzSfglBJb,2L2Ti5hYJ
MqhbHzrpYPC,FdT6wdMhU
GkhnAohePef,Hh5uu3R4a
ZsdxCbbkFUS,mpkK0L6Bz
YntuLfnlUP0,Y8yryYR2b
CiaiAixjOi5,aXf8qn5Ez
OkpmZeciS8f,d00aeyidc
QrhiCoifUoA,U4RoxcnvI
JrixAszpGIT,4bMgQHJ4D
CfaaVtenI3j,J0HOcxadr
GugcXlnmMBp,NbVZstTgx
CyrhPygySAV,P0IkxN3sg
QvuoUyznW97,4IWbHbphK
AaaxSmkhQqv,bpk2IHZAY
DzgiPlhaRON,PV2BOdqR2
BybwNdzrHLo,1maAsNdcW
UmzvEyjeT52,c2e4OmgmU
EmtkBoyfIua,nlYL9ndGM
WdbdAjvmEDs,g3IovVTu9
SqcfVkrtVzH,qursWKiDG
GlvdWfswDgS,6DFfyeY3a
NpibKkxgLDw,7rpAdghJK
YbexDuhtVua,oeUTjfnVg
MhikLclyESz,KgcR743KW
SyvxNgxkGaj,WYJ2KSY2h
RjufOymcZXk,M6gaTSBmi
DzwcSsnsRTZ,UYA3ar0LD
QijvJcbhFyS,dxDeqJvii
IveuLqxtCup,wqEj4TmdG
TufvCvmgFxL,AMkkvZFRp
RlzqUyhfLlK,mueK7Tyuj
XhefLnviAHz,F6HVuH8aA
QblkMcryZx1,OlXmWVTyP
DhudZzokA0j,hXv6QOTIT
CjfnDxojUmm,DSLWwxbK7
LcrfLtptFhb,SZYCsPX8f
BuarEfmqXLl,V2gdGe1zv
NczpLldpBu9,ByewdpflN
GsosWxedV9y,DiiSlzqOu
IzbxSltzQtO,R5XNIo0ZY
GrlzVqghSSj,hwXsK6xpC
DoqiOcjnHaG,e8ii9UKQK
LcynVmmpR1H,xXqBXpQbr
KmpyFxyoIyb,HOhnNrVt4
GbfvFxhkPNy,THhryrHaI
WfihGxdsR6q,Pq9iRctgU
ZijgTdpzMVL,qu10C3fUA
HmncEtfgJ6P,Y0SD45yZs
PugeRqqqPri,T4UeTfLer
JxkgJvolGGw,4Xo8lpqf1
McmoPtzmHDa,942G20ENP
BdicDzplF0K,oG0WVoXNf
PhuiXxvbQO8,bktY9SAsF
NouxLnwfXUX,Htaruw1pJ
DdfeMyatFCY,I5MzPoH4C
RxgeBmmcTgc,MMKz6r5Tp
DvvrDcagWbW,JqpD31BfU
BaluIukbJzf,ltvIKQdvb
VnobQhhjC8f,5ZmZVoIQ4
MlkfSqcdH5u,DA22xZblN
AqofDkvqI22,N6bxMsQr1
HweeGnrsLTC,Lr67b7xu9
YwvxIqkkVb9,3YIa8OeCz
PjrkVmxbCPn,AsIZR1Pda
ScejOctaSQ4,kCYTqRxG3
WmsgXaqoDlI,1Hni3aRfE
CfyvTjwiMBS,Hjzx3MVBd
IsmnNjqvY60,z1HNqxRnJ
TgirVnghIIA,bd270zb3H
NjomFvlnEG3,lMxw5rmTX
RrdcGiruESJ,I9CuIc1TE
QxbgXtoxG9S,6hFMq1azQ
BisoZptnV3l,Rf78Krh6k
EhliAwmjHjM,V937NdGUc
KustIcefLrQ,DT210srlE
QuzcJygpBWu,xS2hnGgsj
GeroYfzlJIy,Gkpl7YtIY
TtknItbaCi7,uYpVrwsWr
FworZkfxJ1g,T77KGtvQw
YtrwBistC5s,5eQCmLfmf
EofsPygvBvd,1zQgQDvzG
MuarDaxjIym,fuRyfkXgL
IxalFkmeCkT,crY4goYr3
LhpcElaeKQV,DQJRGNWhn
LsknNvceUMb,PaknrxjBJ
UkoyPplfGpw,bBv0d8Xvi
XawtVdpjAjp,uNgQhv8od
HlbjXenkBtO,1QIWEQiQd
KfxnJhxcVzh,e0ZJx74xE
WzfuWapgQwU,VonPbNv1V
JjruWdrrFhB,78YUC0uTD
ExvgDgyrE4m,EfkHBb6gn
DqkgJozwQc2,VLh59zK4I
PzxdCanpQe6,rKxo9vvXM
QcjdSadwD42,LF2dyt3Po
CjbxZkrxAFT,1uTmIW5wg
PmjhHhodXsN,eQ9yiyfVN
NghjTwhqFCi,k9heD9w8y
FmzqWrdiTzr,ns4MvNajY
AiuyRciaMR0,i0pOXklC1
XcihKlwxITS,IHPsJD9NP
GdqmUqfqH77,GYx9XnWCs
BizyVsvdX5r,Q5TfRYZcK
JfgpPyygGOi,6NMsf3Bxn
IdxlZigmJ0J,3KzCDNaHx
MgtnGfoeEr9,8lbVIoHsv
PbiuAyzjJMM,8ceVFueE7
JtraXqwgB8N,aqAElWqsz
YrnkMetaFaH,AtaiNxJq5
EztsVtunQXC,JU9Cv79vV
KtjlYwovSUt,4HjyZT2ZQ
RddgQvbbTvu,5uGru6gQ4
RtdkJjdyKN1,ADTvD7ktI
BvofWdzqCDy,iltjtFuSK
SddyPatdI4M,tQ1bzdik3
YedhYzqkRJh,KszFPLQ4u
XkhoBgqeA4v,GAuQOY8o0
XuqfXjkoQnL,Vit3Vdi9L
VljsAnynLc8,Z6guj2Sjv
FmpaRsuyN4v,qfAatwOvO
DlumMjsmWCU,iDxMNGOAv
CpvgEbhzGBp,Y9ctg9COj
WdxfHigsZkJ,YY2cAzte4
HcxvCbomHlk,76awS2mwB
XvgrUtlrVKQ,dKKKPbkLj
QsoqPpwlKg8,D13jxqi90
BbgjDkpmWtk,ICcWGuX7S
OvjjNqufWmS,DCzlLidJk
SawxEpuaXFf,F8GdDFHUJ
AeimHdqkQII,asWTnQkIl
JaglXmopPcY,KH7wIP5G6
GduxLocwT3X,niHBRgefd
RqocRjcpFk7,n5wLC2oQu
MqtlFgpkCbV,VVoHr4IMU
LcpxYnhtEjR,6z8Aq5N9b
IjhbPgjbAVt,fSSvtDTfK
NezgAjorWAV,RTRZJTxwP
HoekRfwwSfL,dihhW0rgQ
UecaTtkxAwX,g8ddrQzZC
YqxzGhtgQW6,wIESFC0jo
YmtdAvusOtZ,B9RGvkB0P
GrgiJqjlVaE,T3SlwEZbq
KporQwpzPJ1,iHhULcVkN
WojuYdlfGjB,z1szmVvc6
WquzDwwhQ8A,21yNW1Ts0
UejdZljrICm,23GL5DZds
FfodBdzgIpB,sM9xQBSAM
UweqPueyEga,hOkAVV1g8
WxbxCjaiB4W,WFixthyiP
GbtyOamoGnO,LgdX8mMkz
XpqcTicmVZx,b0xVcu95M
ZvvkWxrrXTK,xjgOtF374
QmkdKenyAZO,CIfltrJrQ
PwheNanaYKD,P4NggrzZC
NgqzOznnYh9,RYf0Vws4C
PfcuLsvpTqZ,QyItsR8pF
MqirYoucUgb,xuQNIpK4c
IxysDdqdZTA,gvArGM20y
TgwfYzxtPeh,lUwnRIvhx
AmghAmdgJpz,yNebTAqaS
LuchMmatZ30,wkqrqQy0b
EluzIlxvMHl,zTzBEvy4J
HcudSztqI8e,cM9fyzqD7
WktoDxueRUj,uAfh3tMMW
FcxsKsykLs0,FFEm0kZ90
MeoxCkyrPqM,hM1aUmroV
EjsnExnjDJw,N3hd5hMdQ
RumlEkldWFQ,fcXhpxK1F
ZmvhQrpjKbE,kcWK4yqUw
EbxtQnznNpj,mPQMfDky5
HvjqBgniBC1,BJxqWY9Mo
CtxlVayjB3D,KIX9ARVRD
GsmqLymmSn0,LC3q8tgfi
VlckPfasHet,PYvFhARBX
WujoZhqfClZ,Qu0BEFljd
TbqfZndbF6h,OKUe5wF89
FmffAhnlLVW,2i5WAPcnW
HfrxTurbPNm,WJzOtjJDa
MpcwAwusYVY,it5E3LIVF
DodaFsfuQBt,drFaSONQ9
JtimHjwvF65,VLoi1DLGy
XereNtxtA8m,3QGPQQVn0
WnkvXjizKZn,hTgCiGe8M
ZjccWvqbRAN,U7ycWTtOq
KzqsGoqpZJ5,wW4IxBgUH
OtdjAkeeCL9,jOEQJVyEp
PcvrAanwUeh,hDGviyudb
OxgwNdjbHCi,ZdDIDQXnB
VxhdJzlhDMP,AHFDNrkSX
ErtoUwqvFVP,aB7l5kK2S
DebqYyroZsd,nFB0akW1C
CdlkFcrcF7d,89RpiOHuF
ByrwRzjcAIW,TSXFagk7I
CeppNedrLUE,ZBHmUH4iB
EyjgDfhxGl6,KYOvIKEcJ
DvnwYojfHAm,eiowXxt54
HgxeRfatDUf,bP2utzmZq
VyibJigkKEc,SfDOd0Mau
PetsLasgOQq,UdKuNw7T1
FfhgJynaZnw,HZqzAA2mA
DqjcSbylN1g,f1GVdMcFp
KteyGsnsPHr,gAxoubx9V
SurjEahtT52,hYqCe0Jwp
NixpFzygKS8,6UG3Xf3Gf
VcpcItnbDCL,E21sa1GkC
SiixRgojQil,BYQf70QZA
YvseEuhfT5y,wdkofeGwx
NcwgRjkyOho,kJkPqqvhV
OqnnHgvlCVy,h4e1ulic1
AtppGfqjTKK,lXUM2jGPX
OagbSjoaOEX,6mG0SH7VB
EtfsJehlFPm,AL4IGW31H
OjcvJqihFlB,5jXuscWCm
TqvcBisqTtp,ZIJV43bl7
AoziBsykFhX,q74myngwk
